Date,Price (USD/pound)
2018-08-03,1.0775
2018-08-06,1.0875
2018-08-07,1.0905
2018-08-08,1.0785
2018-08-09,1.0765
2018-08-10,1.07
2018-08-13,1.0625
2018-08-14,1.0505
2018-08-15,1.024
2018-08-16,1.017
2018-08-17,1.012
2018-08-20,0.9725
2018-08-21,0.9795
2018-08-22,0.964
2018-08-23,1.015
2018-08-24,1.047
2018-08-27,1.0575
2018-08-28,1.0305
2018-08-29,1.029
2018-08-30,1.0265
2018-08-31,1.018
2018-09-04,1.0145
2018-09-05,1.038
2018-09-06,1.022
2018-09-07,1.0245
2018-09-10,1.0125
2018-09-11,1.0045
2018-09-12,1.021
2018-09-13,1.0065
2018-09-14,0.997
2018-09-17,0.973
2018-09-18,0.9585
2018-09-19,0.967
2018-09-20,0.9975
2018-09-21,0.999
2018-09-24,0.985
2018-09-25,0.971
2018-09-26,0.9775
2018-09-27,0.993
2018-09-28,1.0245
2018-10-01,1.022
2018-10-02,1.0765
2018-10-03,1.066
2018-10-04,1.0695
2018-10-05,1.0895
2018-10-08,1.1185
2018-10-09,1.1315
2018-10-10,1.119
2018-10-11,1.129
2018-10-12,1.1655
2018-10-15,1.1935
2018-10-16,1.1765
2018-10-17,1.2255
2018-10-18,1.2205
2018-10-19,1.221
2018-10-22,1.1765
2018-10-23,1.211
2018-10-24,1.2025
2018-10-25,1.2115
2018-10-26,1.1965
2018-10-29,1.1425
2018-10-30,1.124
2018-10-31,1.127
2018-11-01,1.178
2018-11-02,1.2005
2018-11-05,1.171
2018-11-06,1.1325
2018-11-07,1.156
2018-11-08,1.1665
2018-11-09,1.1385
2018-11-12,1.1015
2018-11-13,1.092
2018-11-14,1.1265
2018-11-15,1.1005
2018-11-16,1.126
2018-11-19,1.1235
2018-11-20,1.1065
2018-11-21,1.141
2018-11-23,1.1095
2018-11-26,1.108
2018-11-27,1.133
2018-11-28,1.139
2018-11-29,1.123
2018-11-30,1.0755
2018-12-03,1.078
2018-12-04,1.069
2018-12-05,1.0595
2018-12-06,1.0595
2018-12-07,1.041
2018-12-10,1.0515
2018-12-11,1.0235
2018-12-12,1.0305
2018-12-13,1.041
2018-12-14,1.0225
2018-12-17,1.001
2018-12-18,0.994
2018-12-19,1.0085
2018-12-20,1.025
2018-12-21,0.997
2018-12-24,1.022
2018-12-26,1.039
2018-12-27,1.0175
2018-12-28,1.0095
2018-12-31,1.0185
2019-01-02,0.995
2019-01-03,1.0215
2019-01-04,1.016
2019-01-07,1.0275
2019-01-08,1.0505
2019-01-09,1.053
2019-01-10,1.0425
2019-01-11,1.0385
2019-01-14,1.0275
2019-01-15,1.013
2019-01-16,1.024
2019-01-17,1.024
2019-01-18,1.0495
2019-01-22,1.0335
2019-01-23,1.034
2019-01-24,1.053
2019-01-25,1.068
2019-01-28,1.0265
2019-01-29,1.026
2019-01-30,1.021
2019-01-31,1.059
2019-02-01,1.037
2019-02-04,1.056
2019-02-05,1.0485
2019-02-06,1.055
2019-02-07,1.043
2019-02-08,1.026
2019-02-11,1.002
2019-02-12,1.0045
2019-02-13,0.989
2019-02-14,0.9785
2019-02-15,0.9795
2019-02-19,0.972
2019-02-20,1.014
2019-02-21,0.9945
2019-02-22,1.0
2019-02-25,0.9985
2019-02-26,0.968
2019-02-27,0.9895
2019-02-28,0.9845
2019-03-01,1.002
2019-03-04,0.9735
2019-03-05,0.9965
2019-03-06,0.987
2019-03-07,0.9685
2019-03-08,0.985
2019-03-11,0.972
2019-03-12,0.96
2019-03-13,0.9765
2019-03-14,0.9715
2019-03-15,0.978
2019-03-18,0.9685
2019-03-19,0.9665
2019-03-20,0.9475
2019-03-21,0.948
2019-03-22,0.939
2019-03-25,0.9425
2019-03-26,0.9535
2019-03-27,0.9385
2019-03-28,0.94
2019-03-29,0.945
2019-04-01,0.921
2019-04-02,0.9165
2019-04-03,0.9535
2019-04-04,0.953
2019-04-05,0.932
2019-04-08,0.9295
2019-04-09,0.9365
2019-04-10,0.9425
2019-04-11,0.9025
2019-04-12,0.904
2019-04-15,0.914
2019-04-16,0.905
2019-04-17,0.8705
2019-04-18,0.929
2019-04-22,0.9285
2019-04-23,0.9325
2019-04-24,0.9235
2019-04-25,0.9335
2019-04-26,0.941
2019-04-29,0.9265
2019-04-30,0.9315
2019-05-01,0.911
2019-05-02,0.9155
2019-05-03,0.906
2019-05-06,0.9015
2019-05-07,0.88
2019-05-08,0.8855
2019-05-09,0.9085
2019-05-10,0.908
2019-05-13,0.896
2019-05-14,0.9095
2019-05-15,0.913
2019-05-16,0.9165
2019-05-17,0.89
2019-05-20,0.899
2019-05-21,0.929
2019-05-22,0.9175
2019-05-23,0.935
2019-05-24,0.933
2019-05-28,0.9605
2019-05-29,0.995
2019-05-30,1.0235
2019-05-31,1.046
2019-06-03,1.0375
2019-06-04,1.0565
2019-06-05,0.991
2019-06-06,1.0205
2019-06-07,1.0095
2019-06-10,0.986
2019-06-11,0.97
2019-06-12,0.9905
2019-06-13,0.9735
2019-06-14,0.96
2019-06-17,0.9605
2019-06-18,0.943
2019-06-19,0.9625
2019-06-20,1.018
2019-06-21,1.0065
2019-06-24,1.03
2019-06-25,1.0745
2019-06-26,1.0605
2019-06-27,1.067
2019-06-28,1.0945
2019-07-01,1.1135
2019-07-02,1.0965
2019-07-03,1.1365
2019-07-05,1.111
2019-07-08,1.064
2019-07-09,1.0745
2019-07-10,1.059
2019-07-11,1.0695
2019-07-12,1.0665
2019-07-15,1.1025
2019-07-16,1.0555
2019-07-17,1.074
2019-07-18,1.086
2019-07-19,1.073
2019-07-22,1.051
2019-07-23,1.023
2019-07-24,1.01
2019-07-25,1.0065
2019-07-26,0.9975
2019-07-29,1.0115
2019-07-30,0.995
2019-07-31,0.9965
2019-08-01,0.9725
2019-08-02,0.9815
2019-08-05,0.9565
2019-08-06,0.9705
2019-08-07,0.969
2019-08-08,0.974
2019-08-09,0.973
2019-08-12,0.9375
2019-08-13,0.9635
2019-08-14,0.9445
2019-08-15,0.9455
2019-08-16,0.9285
2019-08-19,0.9115
2019-08-20,0.9145
2019-08-21,0.9285
2019-08-22,0.973
2019-08-23,0.9605
2019-08-26,0.975
2019-08-27,0.9715
2019-08-28,0.9755
2019-08-29,0.9525
2019-08-30,0.9685
2019-09-03,0.9555
2019-09-04,0.966
2019-09-05,0.954
2019-09-06,0.9705
2019-09-09,0.9825
2019-09-10,1.016
2019-09-11,1.034
2019-09-12,1.036
2019-09-13,1.0275
2019-09-16,1.043
2019-09-17,1.0035
2019-09-18,1.0035
2019-09-19,0.9835
2019-09-20,0.984
2019-09-23,0.99
2019-09-24,0.9915
2019-09-25,1.0095
2019-09-26,1.0085
2019-09-27,1.009
2019-09-30,1.0115
2019-10-01,1.0135
2019-10-02,1.006
2019-10-03,1.0205
2019-10-04,0.99
2019-10-07,0.97
2019-10-08,0.957
2019-10-09,0.9545
2019-10-10,0.935
2019-10-11,0.937
2019-10-14,0.9485
2019-10-15,0.9445
2019-10-16,0.9355
2019-10-17,0.929
2019-10-18,0.957
2019-10-21,0.9635
2019-10-22,0.989
2019-10-23,0.9775
2019-10-24,0.9645
2019-10-25,0.9945
2019-10-28,1.005
2019-10-29,0.9895
2019-10-30,0.9935
2019-10-31,1.0195
2019-11-01,1.04
2019-11-04,1.0365
2019-11-05,1.058
2019-11-06,1.08
2019-11-07,1.091
2019-11-08,1.0945
2019-11-11,1.06
2019-11-12,1.056
2019-11-13,1.0795
2019-11-14,1.0805
2019-11-15,1.0615
2019-11-18,1.092
2019-11-19,1.027
2019-11-20,1.1095
2019-11-21,1.1625
2019-11-22,1.1565
2019-11-25,1.189
2019-11-26,1.1685
2019-11-27,1.1845
2019-11-29,1.1905
2019-12-02,1.22
2019-12-03,1.238
2019-12-04,1.2125
2019-12-05,1.2485
2019-12-06,1.248
2019-12-09,1.284
2019-12-10,1.333
2019-12-11,1.352
2019-12-12,1.3725
2019-12-13,1.309
2019-12-16,1.3895
2019-12-17,1.337
2019-12-18,1.332
2019-12-19,1.272
2019-12-20,1.307
2019-12-23,1.253
2019-12-24,1.294
2019-12-26,1.273
2019-12-27,1.325
2019-12-30,1.3215
2019-12-31,1.297
2020-01-02,1.271
2020-01-03,1.2635
2020-01-06,1.2215
2020-01-07,1.224
2020-01-08,1.1915
2020-01-09,1.1735
2020-01-10,1.1895
2020-01-13,1.1455
2020-01-14,1.149
2020-01-15,1.143
2020-01-16,1.1295
2020-01-17,1.1215
2020-01-21,1.1105
2020-01-22,1.11
2020-01-23,1.126
2020-01-24,1.1015
2020-01-27,1.066
2020-01-28,1.0505
2020-01-29,1.0205
2020-01-30,1.015
2020-01-31,1.0265
2020-02-03,0.979
2020-02-04,0.9815
2020-02-05,0.9775
2020-02-06,0.9815
2020-02-07,0.9835
2020-02-10,1.003
2020-02-11,1.005
2020-02-12,1.0065
2020-02-13,1.0445
2020-02-14,1.091
2020-02-18,1.0655
2020-02-19,1.068
2020-02-20,1.0495
2020-02-21,1.1025
2020-02-24,1.069
2020-02-25,1.085
2020-02-26,1.1065
2020-02-27,1.0975
2020-02-28,1.1135
2020-03-02,1.156
2020-03-03,1.222
2020-03-04,1.184
2020-03-05,1.1135
2020-03-06,1.074
2020-03-09,1.092
2020-03-10,1.1435
2020-03-11,1.1205
2020-03-12,1.0885
2020-03-13,1.0675
2020-03-16,1.039
2020-03-17,1.026
2020-03-18,1.083
2020-03-19,1.127
2020-03-20,1.197
2020-03-23,1.2125
2020-03-24,1.256
2020-03-25,1.2995
2020-03-26,1.2465
2020-03-27,1.1585
2020-03-30,1.193
2020-03-31,1.1955
2020-04-01,1.16
2020-04-02,1.1935
2020-04-03,1.149
2020-04-06,1.1665
2020-04-07,1.199
2020-04-08,1.198
2020-04-09,1.186
2020-04-13,1.1975
2020-04-14,1.172
2020-04-15,1.202
2020-04-16,1.186
2020-04-17,1.1605
2020-04-20,1.1365
2020-04-21,1.0965
2020-04-22,1.1205
2020-04-23,1.124
2020-04-24,1.0675
2020-04-27,1.062
2020-04-28,1.076
2020-04-29,1.053
2020-04-30,1.063
2020-05-01,1.061
2020-05-04,1.072
2020-05-05,1.1065
2020-05-06,1.106
2020-05-07,1.09
2020-05-08,1.1165
2020-05-11,1.1075
2020-05-12,1.0735
2020-05-13,1.0505
2020-05-14,1.067
2020-05-15,1.0685
2020-05-18,1.0775
2020-05-19,1.0705
2020-05-20,1.0565
2020-05-21,1.0475
2020-05-22,1.036
2020-05-26,1.051
2020-05-27,1.025
2020-05-28,0.991
2020-05-29,0.963
2020-06-01,0.983
2020-06-02,0.982
2020-06-03,0.991
2020-06-04,0.9815
2020-06-05,0.989
2020-06-08,0.989
2020-06-09,0.978
2020-06-10,0.9675
2020-06-11,0.96
2020-06-12,0.952
2020-06-15,0.94
2020-06-16,0.9365
2020-06-17,0.9625
2020-06-18,0.946
2020-06-19,0.9375
2020-06-22,0.98
2020-06-23,0.982
2020-06-24,0.978
2020-06-25,0.958
2020-06-26,0.9665
2020-06-29,1.001
2020-06-30,1.01
2020-07-01,1.04
2020-07-02,1.032
2020-07-06,0.9815
2020-07-07,1.003
2020-07-08,1.0
2020-07-09,0.9875
2020-07-10,0.974
2020-07-13,0.9865
2020-07-14,0.9795
2020-07-15,0.972
2020-07-16,0.9835
2020-07-17,1.023
2020-07-20,0.9975
2020-07-21,1.0175
2020-07-22,1.0835
2020-07-23,1.075
2020-07-24,1.084
2020-07-27,1.104
2020-07-28,1.0965
2020-07-29,1.116
2020-07-30,1.1535
2020-07-31,1.1895
2020-08-03,1.179
2020-08-04,1.2105
2020-08-05,1.2155
2020-08-06,1.17
2020-08-07,1.1545
2020-08-10,1.126
2020-08-11,1.1135
2020-08-12,1.1205
2020-08-13,1.162
2020-08-14,1.147
2020-08-17,1.1555
2020-08-18,1.193
2020-08-19,1.1845
2020-08-20,1.1855
2020-08-21,1.198
2020-08-24,1.2015
2020-08-25,1.2295
2020-08-26,1.221
2020-08-27,1.2235
2020-08-28,1.2635
2020-08-31,1.2905
2020-09-01,1.314
2020-09-02,1.313
2020-09-03,1.312
2020-09-04,1.34
2020-09-08,1.321
2020-09-09,1.2885
2020-09-10,1.317
2020-09-11,1.3245
2020-09-14,1.2305
2020-09-15,1.218
2020-09-16,1.1985
2020-09-17,1.18
2020-09-18,1.135
2020-09-21,1.12
2020-09-22,1.1065
2020-09-23,1.105
2020-09-24,1.1115
2020-09-25,1.1365
2020-09-28,1.0955
2020-09-29,1.0955
2020-09-30,1.1095
2020-10-01,1.0705
2020-10-02,1.0895
2020-10-05,1.072
2020-10-06,1.0765
2020-10-07,1.096
2020-10-08,1.1025
2020-10-09,1.1155
2020-10-12,1.0915
2020-10-13,1.101
2020-10-14,1.096
2020-10-15,1.095
2020-10-16,1.0725
2020-10-19,1.0605
2020-10-20,1.049
2020-10-21,1.0415
2020-10-22,1.067
2020-10-23,1.056
2020-10-26,1.0665
2020-10-27,1.0695
2020-10-28,1.05
2020-10-29,1.046
2020-10-30,1.044
2020-11-02,1.028
2020-11-03,1.0345
2020-11-04,1.03
2020-11-05,1.0595
2020-11-06,1.0695
2020-11-09,1.0685
2020-11-10,1.073
2020-11-11,1.091
2020-11-12,1.101
2020-11-13,1.0925
2020-11-16,1.1565
2020-11-17,1.162
2020-11-18,1.1975
2020-11-19,1.232
2020-11-20,1.1805
2020-11-23,1.1705
2020-11-24,1.159
2020-11-25,1.1715
2020-11-27,1.242
2020-11-30,1.233
2020-12-01,1.1845
2020-12-02,1.191
2020-12-03,1.2005
2020-12-04,1.1755
2020-12-07,1.191
2020-12-08,1.1925
2020-12-09,1.1705
2020-12-10,1.2105
2020-12-11,1.216
2020-12-14,1.2615
2020-12-15,1.2465
2020-12-16,1.266
2020-12-17,1.266
2020-12-18,1.2525
2020-12-21,1.243
2020-12-22,1.242
2020-12-23,1.2455
2020-12-24,1.2595
2020-12-28,1.2335
2020-12-29,1.254
2020-12-30,1.254
2020-12-31,1.2825
2021-01-04,1.2615
2021-01-05,1.251
2021-01-06,1.2145
2021-01-07,1.211
2021-01-08,1.211
2021-01-11,1.211
2021-01-12,1.214
2021-01-13,1.2405
2021-01-14,1.2735
2021-01-15,1.2735
2021-01-19,1.2735
2021-01-20,1.2735
2021-01-21,1.2735
2021-01-22,1.2735
2021-01-25,1.2325
2021-01-26,1.245
2021-01-27,1.255
2021-01-28,1.24
2021-01-29,1.2295
2021-02-01,1.2535
2021-02-02,1.234
2021-02-03,1.2395
2021-02-04,1.2405
2021-02-05,1.245
2021-02-08,1.241
2021-02-09,1.2295
2021-02-10,1.211
2021-02-11,1.212
2021-02-12,1.2115
2021-02-16,1.2435
2021-02-17,1.257
2021-02-18,1.293
2021-02-19,1.2915
2021-02-22,1.3495
2021-02-23,1.383
2021-02-24,1.3725
2021-02-25,1.4005
2021-02-26,1.375
2021-03-01,1.358
2021-03-02,1.3385
2021-03-03,1.328
2021-03-04,1.3215
2021-03-05,1.2885
2021-03-08,1.2915
2021-03-09,1.304
2021-03-10,1.3085
2021-03-11,1.3235
2021-03-12,1.33
2021-03-15,1.321
2021-03-16,1.345
2021-03-17,1.3355
2021-03-18,1.2995
2021-03-19,1.29
2021-03-22,1.301
2021-03-23,1.276
2021-03-24,1.265
2021-03-25,1.266
2021-03-26,1.285
2021-03-29,1.2705
2021-03-30,1.226
2021-03-31,1.235
2021-04-01,1.216
2021-04-05,1.221
2021-04-06,1.2685
2021-04-07,1.2675
2021-04-08,1.2785
2021-04-09,1.2725
2021-04-12,1.281
2021-04-13,1.3005
2021-04-14,1.321
2021-04-15,1.327
2021-04-16,1.2915
2021-04-19,1.2985
2021-04-20,1.3245
2021-04-21,1.322
2021-04-22,1.3615
2021-04-23,1.385
2021-04-26,1.4335
2021-04-27,1.459
2021-04-28,1.4585
2021-04-29,1.43
2021-04-30,1.4145
2021-05-03,1.4025
2021-05-04,1.4035
2021-05-05,1.4985
2021-05-06,1.543
2021-05-07,1.529
2021-05-10,1.4805
2021-05-11,1.501
2021-05-12,1.465
2021-05-13,1.464
2021-05-14,1.45
2021-05-17,1.4575
2021-05-18,1.528
2021-05-19,1.5095
2021-05-20,1.5095
2021-05-21,1.501
2021-05-24,1.49
2021-05-25,1.505
2021-05-26,1.557
2021-05-27,1.5535
2021-05-28,1.6235
2021-06-01,1.6105
2021-06-02,1.6115
2021-06-03,1.576
2021-06-04,1.6165
2021-06-07,1.6015
2021-06-08,1.577
2021-06-09,1.572
2021-06-10,1.587
2021-06-11,1.5745
2021-06-14,1.541
2021-06-15,1.512
2021-06-16,1.5335
2021-06-17,1.4955
2021-06-18,1.499
2021-06-21,1.5235
2021-06-22,1.521
2021-06-23,1.539
2021-06-24,1.534
2021-06-25,1.578
2021-06-28,1.627
2021-06-29,1.602
2021-06-30,1.5975
2021-07-01,1.564
2021-07-02,1.5305
2021-07-06,1.481
2021-07-07,1.4995
2021-07-08,1.5225
2021-07-09,1.515
2021-07-12,1.54
2021-07-13,1.5225
2021-07-14,1.566
2021-07-15,1.5705
2021-07-16,1.6135
2021-07-19,1.564
2021-07-20,1.668
2021-07-21,1.76
2021-07-22,1.9365
2021-07-23,1.89
2021-07-26,2.078
2021-07-27,2.0175
2021-07-28,2.0045
2021-07-29,1.965
2021-07-30,1.7955
2021-08-02,1.728
2021-08-03,1.7485
2021-08-04,1.7565
2021-08-05,1.769
2021-08-06,1.76
2021-08-09,1.7935
2021-08-10,1.82
2021-08-11,1.8385
2021-08-12,1.8655
2021-08-13,1.8275
2021-08-16,1.832
2021-08-17,1.7895
2021-08-18,1.797
2021-08-19,1.782
2021-08-20,1.7825
2021-08-23,1.8185
2021-08-24,1.8575
2021-08-25,1.8635
2021-08-26,1.88
2021-08-27,1.922
2021-08-30,1.999
2021-08-31,1.959
2021-09-01,1.9565
2021-09-02,1.9435
2021-09-03,1.93
2021-09-07,1.9395
2021-09-08,1.902
2021-09-09,1.8745
2021-09-10,1.8805
2021-09-13,1.868
2021-09-14,1.8545
2021-09-15,1.8735
2021-09-16,1.8815
2021-09-17,1.864
2021-09-20,1.826
2021-09-21,1.8335
2021-09-22,1.8485
2021-09-23,1.906
2021-09-24,1.9435
2021-09-27,1.9365
2021-09-28,1.986
2021-09-29,1.934
2021-09-30,1.94
2021-10-01,2.0405
2021-10-04,2.0035
2021-10-05,1.919
2021-10-06,1.9345
2021-10-07,1.979
2021-10-08,2.0135
2021-10-11,2.0425
2021-10-12,2.1315
2021-10-13,2.0865
2021-10-14,2.0925
2021-10-15,2.034
2021-10-18,2.016
2021-10-19,2.0425
2021-10-20,2.0555
2021-10-21,2.033
2021-10-22,1.9985
2021-10-25,2.0255
2021-10-26,2.081
2021-10-27,2.0135
2021-10-28,1.9995
2021-10-29,2.0395
2021-11-01,2.087
2021-11-02,2.0805
2021-11-03,2.093
2021-11-04,2.086
2021-11-05,2.0355
2021-11-08,1.9965
2021-11-09,2.059
2021-11-10,2.04
2021-11-11,2.109
2021-11-12,2.197
2021-11-15,2.2275
2021-11-16,2.2205
2021-11-17,2.326
2021-11-18,2.2895
2021-11-19,2.334
2021-11-22,2.313
2021-11-23,2.4205
2021-11-24,2.454
2021-11-26,2.4295
2021-11-29,2.33
2021-11-30,2.323
2021-12-01,2.3325
2021-12-02,2.366
2021-12-03,2.4335
2021-12-06,2.4985
2021-12-07,2.433
2021-12-08,2.442
2021-12-09,2.402
2021-12-10,2.326
2021-12-13,2.367
2021-12-14,2.3715
2021-12-15,2.373
2021-12-16,2.3685
2021-12-17,2.3475
2021-12-20,2.241
2021-12-21,2.2825
2021-12-22,2.3355
2021-12-23,2.312
2021-12-27,2.2705
2021-12-28,2.256
2021-12-29,2.289
2021-12-30,2.2885
2021-12-31,2.261
2022-01-03,2.233
2022-01-04,2.3175
2022-01-05,1.9015
2022-01-06,2.317
2022-01-07,2.3845
2022-01-10,2.349
2022-01-11,2.3705
2022-01-12,2.4085
2022-01-13,2.37
2022-01-14,2.3965
2022-01-18,2.396
2022-01-19,2.4445
2022-01-20,2.4365
2022-01-21,2.379
2022-01-24,2.3295
2022-01-25,2.379
2022-01-26,2.389
2022-01-27,2.3205
2022-01-28,2.359
2022-01-31,2.351
2022-02-01,2.367
2022-02-02,2.388
2022-02-03,2.439
2022-02-04,2.4185
2022-02-07,2.4165
2022-02-08,2.4895
2022-02-09,2.5835
2022-02-10,2.552
2022-02-11,2.5165
2022-02-14,2.4755
2022-02-15,2.5185
2022-02-16,2.5225
2022-02-17,2.5065
2022-02-18,2.46
2022-02-22,2.4725
2022-02-23,2.4755
2022-02-24,2.379
2022-02-25,2.3865
2022-02-28,2.329
2022-03-01,2.36
2022-03-02,2.292
2022-03-03,2.229
2022-03-04,2.2425
2022-03-07,1.913
2022-03-08,2.329
2022-03-09,2.293
2022-03-10,2.242
2022-03-11,2.2195
2022-03-14,2.188
2022-03-15,2.1115
2022-03-16,2.175
2022-03-17,2.161
2022-03-18,2.2005
2022-03-21,2.2465
2022-03-22,2.2505
2022-03-23,2.253
2022-03-24,1.913
2022-03-25,1.913
2022-03-28,2.1455
2022-03-29,2.157
2022-03-30,2.2185
2022-03-31,2.264
2022-04-01,2.284
2022-04-04,2.306
2022-04-05,2.313
2022-04-06,2.276
2022-04-07,2.2615
2022-04-08,2.3165
2022-04-11,2.366
2022-04-12,2.336
2022-04-13,2.2505
2022-04-14,2.236
2022-04-18,2.235
2022-04-19,2.213
2022-04-20,2.188
2022-04-21,2.281
2022-04-22,2.2715
2022-04-25,2.207
2022-04-26,2.2115
2022-04-27,2.1555
2022-04-28,2.176
2022-04-29,2.221
2022-05-02,2.159
2022-05-03,2.1795
2022-05-04,2.208
2022-05-05,2.1725
2022-05-06,2.1045
2022-05-09,2.061
2022-05-10,2.038
2022-05-11,2.199
2022-05-12,2.153
2022-05-13,2.139
2022-05-16,2.248
2022-05-17,2.272
2022-05-18,2.176
2022-05-19,2.187
2022-05-20,2.1585
2022-05-23,2.1575
2022-05-24,2.1365
2022-05-25,2.1705
2022-05-26,2.266
2022-05-27,2.2945
2022-05-31,2.3125
2022-06-01,2.3945
2022-06-02,2.3825
2022-06-03,2.324
2022-06-06,2.3755
2022-06-07,2.3215
2022-06-08,2.3185
2022-06-09,2.3465
2022-06-10,2.289
2022-06-13,2.2335
2022-06-14,2.2695
2022-06-15,2.285
2022-06-16,2.3195
2022-06-17,2.2765
2022-06-21,2.331
2022-06-22,2.364
2022-06-23,2.29
2022-06-24,2.2325
2022-06-27,2.221
2022-06-28,2.1775
2022-06-29,2.2825
2022-06-30,2.301
2022-07-01,2.2465
2022-07-05,2.2105
2022-07-06,2.192
2022-07-07,2.189
2022-07-08,2.2045
2022-07-11,2.1325
2022-07-12,2.0535
2022-07-13,2.0735
2022-07-14,1.953
2022-07-15,1.998
2022-07-18,2.152
2022-07-19,2.165
2022-07-20,2.1815
2022-07-21,2.1585
2022-07-22,2.067
2022-07-25,2.1005
2022-07-26,2.132
2022-07-27,2.191
2022-07-28,2.184
2022-07-29,2.172
2022-08-01,2.132
2022-08-02,2.099
2022-08-03,2.1465
2022-08-04,2.193
2022-08-05,2.0945
2022-08-08,2.1185
2022-08-09,2.1275
2022-08-10,2.2045
2022-08-11,2.2395
2022-08-12,2.266
2022-08-15,2.255
2022-08-16,2.1935
2022-08-17,2.1745
2022-08-18,2.147
2022-08-19,2.1595
2022-08-22,2.243
2022-08-23,2.2825
2022-08-24,2.39
2022-08-25,2.395
2022-08-26,2.381
2022-08-29,2.366
2022-08-30,2.352
2022-08-31,2.3525
2022-09-01,2.325
2022-09-02,2.288
2022-09-06,2.3025
2022-09-07,2.2325
2022-09-08,2.222
2022-09-09,2.285
2022-09-12,2.2475
2022-09-13,2.207
2022-09-14,2.1485
2022-09-15,2.164
2022-09-16,2.151
2022-09-19,2.211
2022-09-20,2.2515
2022-09-21,2.213
2022-09-22,2.2355
2022-09-23,2.2045
2022-09-26,2.238
2022-09-27,2.2435
2022-09-28,2.287
2022-09-29,2.257
2022-09-30,2.2155
2022-10-03,2.1575
2022-10-04,2.193
2022-10-05,2.2465
2022-10-06,2.177
2022-10-07,2.181
2022-10-10,2.1745
2022-10-11,2.1785
2022-10-12,2.0975
2022-10-13,2.0215
2022-10-14,1.967
2022-10-17,1.9555
2022-10-18,1.951
2022-10-19,1.923
2022-10-20,1.9105
2022-10-21,1.909
2022-10-24,1.904
2022-10-25,1.858
2022-10-26,1.7975
2022-10-27,1.7885
2022-10-28,1.698
2022-10-31,1.777
2022-11-01,1.746
2022-11-02,1.8215
2022-11-03,1.722
2022-11-04,1.7575
2022-11-07,1.7055
2022-11-08,1.6645
2022-11-09,1.6515
2022-11-10,1.71
2022-11-11,1.701
2022-11-14,1.662
2022-11-15,1.5675
2022-11-16,1.5545
2022-11-17,1.527
2022-11-18,1.513
2022-11-21,1.604
2022-11-22,1.647
2022-11-23,1.6275
2022-11-25,1.6505
2022-11-28,1.6285
2022-11-29,1.689
2022-11-30,1.699
2022-12-01,1.6575
2022-12-02,1.626
2022-12-04,2.256
2022-12-06,1.635
2022-12-07,1.602
2022-12-08,1.587
2022-12-09,1.5815
2022-12-12,1.6705
2022-12-13,1.679
2022-12-14,1.6815
2022-12-15,1.7175
2022-12-16,1.644
2022-12-19,1.643
2022-12-20,1.678
2022-12-21,1.6935
2022-12-22,1.689
2022-12-23,1.72
2022-12-27,1.6695
2022-12-28,1.7355
2022-12-29,1.7005
2022-12-30,1.673
2023-01-03,1.663
2023-01-04,1.613
2023-01-05,1.6055
2023-01-06,1.583
2023-01-09,1.5805
2023-01-10,1.509
2023-01-11,1.439
2023-01-12,1.494
2023-01-13,1.517
2023-01-17,1.511
2023-01-18,1.55
2023-01-19,1.546
2023-01-20,1.548
2023-01-23,1.5855
2023-01-24,1.5985
2023-01-25,1.6245
2023-01-26,1.6715
2023-01-27,1.699
2023-01-30,1.704
2023-01-31,1.8175
2023-02-01,1.759
2023-02-02,1.779
2023-02-03,1.728
2023-02-06,1.757
2023-02-07,1.7705
2023-02-08,1.756
2023-02-09,1.7365
2023-02-10,1.7475
2023-02-13,1.7705
2023-02-14,1.8355
2023-02-15,1.7685
2023-02-16,1.807
2023-02-17,1.8575
2023-02-21,1.8985
2023-02-22,1.9335
2023-02-23,1.897
2023-02-24,1.877
2023-02-27,1.8645
2023-02-28,1.863
2023-03-01,1.8355
2023-03-02,1.822
2023-03-03,1.7785
2023-03-06,1.803
2023-03-07,1.8255
2023-03-08,1.7735
2023-03-09,1.7505
2023-03-10,1.778
2023-03-13,1.792
2023-03-14,1.7545
2023-03-15,1.726
2023-03-16,1.8005
2023-03-17,1.766
2023-03-20,1.785
2023-03-21,1.803
2023-03-22,1.78
2023-03-23,1.743
2023-03-24,1.7925
2023-03-27,1.769
2023-03-28,1.7375
2023-03-29,1.697
2023-03-30,1.698
2023-03-31,1.705
2023-04-03,1.7625
2023-04-04,1.7485
2023-04-05,1.8015
2023-04-06,1.836
2023-04-10,1.826
2023-04-11,1.905
2023-04-12,1.9025
2023-04-13,1.961
2023-04-14,1.934
2023-04-17,2.01
2023-04-18,2.0525
2023-04-19,2.0255
2023-04-20,1.939
2023-04-21,1.9145
2023-04-24,1.9345
2023-04-25,1.884
2023-04-26,1.916
2023-04-27,1.882
2023-04-28,1.8595
2023-05-01,1.856
2023-05-02,1.8675
2023-05-03,1.855
2023-05-04,1.8295
2023-05-05,1.8805
2023-05-08,1.8395
2023-05-09,1.865
2023-05-10,1.8595
2023-05-11,1.83
2023-05-12,1.8285
2023-05-15,1.894
2023-05-16,1.868
2023-05-17,1.8605
2023-05-18,1.8665
2023-05-19,1.92
2023-05-22,1.892
2023-05-23,1.8745
2023-05-24,1.88
2023-05-25,1.827
2023-05-26,1.816
2023-05-30,1.771
2023-05-31,1.7865
2023-06-01,1.8305
2023-06-02,1.803
2023-06-05,1.831
2023-06-06,1.826
2023-06-07,1.854
2023-06-08,1.9485
2023-06-09,1.9065
2023-06-12,1.8555
2023-06-13,1.8275
2023-06-14,1.844
2023-06-15,1.87
2023-06-16,1.849
2023-06-20,1.7745
2023-06-21,1.72
2023-06-22,1.7025
2023-06-23,1.6485
2023-06-26,1.6515
2023-06-27,1.6695
2023-06-28,1.6195
2023-06-29,1.616
2023-06-30,1.59
2023-07-03,1.605
2023-07-05,1.589
2023-07-06,1.6045
2023-07-07,1.609
2023-07-10,1.5985
2023-07-11,1.5755
2023-07-12,1.57
2023-07-13,1.576
2023-07-14,1.608
2023-07-17,1.558
2023-07-18,1.563
2023-07-19,1.555
2023-07-20,1.5805
2023-07-21,1.6185
2023-07-24,1.63
2023-07-25,1.6185
2023-07-26,1.6315
2023-07-27,1.6145
2023-07-28,1.579
2023-07-31,1.6465
2023-08-01,1.6455
2023-08-02,1.6695
